Rndrng_NPI,T1_Extreme_PaymentPerBene,T2_Audio_Only_Heavy,T3_Single_HCPCS_Dominant,T4_Rural_HighVolume,T5_Pandemic_Emergence,Total_Typology_Hits
1689263147,0,0,1,0,1,2
1023539053,0,0,1,0,1,2
1659828762,0,0,1,0,1,2
1548632771,0,0,1,0,1,2
1285749705,0,0,0,0,1,1
1124678263,0,0,1,0,1,2
1518471648,0,0,1,0,1,2
1295387686,0,0,1,0,1,2
1376926063,1,0,0,0,1,2
1417118639,0,0,0,0,1,1
1467501858,0,0,1,0,1,2
1447239561,1,0,0,0,1,2
1376521773,0,0,0,0,1,1
1902570211,0,0,1,0,1,2
1689081812,0,0,0,0,1,1
1821737917,0,0,1,0,1,2
1134107022,1,0,0,0,1,2
1609864446,0,0,0,0,1,1
1346427861,0,0,0,0,1,1
1285749952,0,0,0,0,1,1
1891953063,0,0,0,0,1,1
1063583326,1,0,0,0,1,2
1578557286,0,0,1,0,1,2
1689603102,1,0,0,0,1,2
1619924396,0,0,0,0,1,1
1396141230,1,1,1,0,1,4
1598780694,1,0,0,0,1,2
1619129426,0,0,0,0,1,1
1609857788,0,0,0,0,1,1
1891998159,1,0,0,0,1,2
1629171202,0,0,0,0,1,1
1720022486,0,0,0,0,1,1
1275582132,1,0,0,0,1,2
1699973545,0,0,1,0,1,2
1437348182,0,0,0,0,1,1
1255376679,1,0,0,0,1,2
1508086109,0,0,0,0,1,1
1104054295,0,0,0,0,1,1
1366415804,1,0,0,0,0,1
1578514477,0,0,0,0,0,0
1598953564,0,0,0,0,1,1
1952597478,1,0,0,0,1,2
1700871969,0,0,0,0,0,0
1912272196,0,0,0,0,1,1
1033117437,0,0,0,0,1,1
1497710750,0,0,0,0,1,1
1558354399,0,0,0,0,1,1
1952515264,1,0,0,0,1,2
1710919931,1,0,0,0,1,2
1417994013,1,0,0,0,1,2
1285627703,1,0,0,0,1,2
1528140639,1,0,0,0,1,2
1174587224,0,0,0,0,1,1
1891782512,1,0,0,0,1,2
1063491777,1,0,0,0,1,2
1225039183,0,0,0,0,1,1
1174558753,1,0,0,0,1,2
1184622417,0,0,0,0,1,1
1578578365,0,0,0,0,1,1
1235584962,0,0,0,0,1,1
1962573121,1,0,0,0,1,2
1760651210,0,0,0,0,1,1
1851486138,0,0,0,0,1,1
1063402857,0,0,0,0,1,1
1679590491,1,0,0,0,1,2
1902878044,0,0,0,0,1,1
1649224387,0,0,0,0,1,1
1740463322,0,0,0,0,1,1
1659349512,0,0,0,0,1,1
1528378072,0,0,0,0,1,1
1598738015,1,0,0,0,1,2
1417963661,0,1,0,0,1,2
1497709653,0,1,0,0,1,2
1922003037,0,0,0,0,1,1
1710985379,0,0,0,0,0,0
1861826968,1,0,0,0,1,2
1922000694,0,0,0,0,0,0
1205852316,0,0,0,0,1,1
1922007541,0,0,0,0,1,1
1114923976,0,0,1,0,1,2
1164483244,0,0,0,0,1,1
1740221845,1,0,0,0,1,2
1760436885,1,0,0,0,1,2
1598782930,0,1,0,0,1,2
1164433868,0,0,0,0,1,1
1871585406,0,0,1,0,1,2
1093712788,1,1,1,0,1,4
1306966965,1,0,0,0,1,2
1629178157,1,0,0,0,1,2
1275505570,0,0,0,0,1,1
1568483733,1,0,0,0,1,2
1750379202,0,0,0,0,1,1
1245273820,0,0,0,0,1,1
1427051929,0,0,0,0,0,0
1437244704,0,0,0,0,1,1
1437156882,1,0,0,0,1,2
1932497773,0,0,0,0,1,1
1720018237,1,0,0,0,1,2
1639129026,0,0,0,0,1,1
1942212642,0,0,0,0,1,1
1386629897,1,0,0,0,1,2
1952505125,0,0,0,0,1,1
1477576478,1,0,0,0,1,2
1902820830,0,0,0,0,1,1
1831185388,0,0,0,0,1,1
1548609241,1,0,0,0,1,2
1114955572,0,0,0,0,1,1
1053311050,1,0,0,0,1,2
1295977122,0,0,0,0,1,1
1447256565,0,0,0,0,1,1
1740433705,0,0,0,0,1,1
1114919107,1,0,0,0,1,2
1831171735,1,0,0,0,1,2
1528419710,1,0,0,0,1,2
1164629945,0,0,0,0,1,1
1295768794,1,0,0,0,1,2
1275579278,0,0,0,0,1,1
1811920333,0,0,0,0,1,1
1316067457,0,0,0,0,1,1
1770521775,0,1,0,0,1,2
1225073349,1,0,0,0,1,2
1528086006,1,0,0,0,0,1
1902051659,0,1,0,0,1,2
1336248285,0,0,0,0,1,1
1164480372,0,0,0,0,1,1
1225002009,1,0,0,0,1,2
1225287378,0,0,0,0,1,1
1356360887,0,0,0,0,1,1
1558567446,0,0,0,0,1,1
1295845444,1,0,0,0,1,2
1477056356,0,0,0,0,1,1
1366517716,0,0,0,0,1,1
1275507352,0,0,0,0,1,1
1720009590,0,0,0,0,1,1
1740440866,0,0,1,0,1,2
1205804127,0,0,0,0,1,1
1710989421,0,0,0,0,1,1
1619977477,1,0,0,0,1,2
1104820489,1,0,0,0,1,2
1144463084,0,0,0,0,1,1
1962636522,0,1,0,0,1,2
1083862601,1,0,0,0,1,2
1215195557,0,0,0,0,1,1
1063637320,1,0,0,0,1,2
1982083879,0,0,0,0,0,0
1407876659,1,0,0,0,1,2
1952377160,1,0,0,0,1,2
1952366056,0,0,0,0,1,1
1770527095,0,1,1,0,1,3
1508022484,0,0,0,0,1,1
1326082231,0,0,0,0,1,1
1790862985,0,0,0,0,1,1
1710127576,1,0,0,0,1,2
1871501874,1,0,0,0,1,2
1518563063,0,0,0,0,1,1
1659309334,0,0,0,0,1,1
1043392186,0,0,0,0,1,1
1467615823,0,0,0,0,0,0
1588725006,0,1,0,0,1,2
1679511026,1,0,0,0,1,2
1386669489,1,0,0,0,1,2
1013029065,1,0,0,0,1,2
1144320318,0,0,0,0,1,1
1861486425,0,0,1,0,1,2
1275519175,0,0,0,0,1,1
1245288505,0,0,0,0,1,1
1942350780,0,0,0,0,0,0
1699744755,0,0,0,0,1,1
1629720644,0,0,0,0,1,1
1639117948,1,0,0,0,1,2
1629098413,0,0,0,0,0,0
1285640698,0,0,0,0,1,1
1841429370,1,0,0,0,1,2
1598760019,0,1,1,0,1,3
1134126436,0,0,0,0,1,1
1295997930,1,0,0,0,1,2
1457445124,0,0,0,0,1,1
1306874714,1,0,0,0,0,1
1578740478,0,0,1,0,1,2
1942475314,0,0,1,0,1,2
1447466552,0,0,0,0,1,1
1578544334,0,0,0,0,1,1
1801890884,0,0,0,0,0,0
1447252721,1,0,0,0,1,2
1679519821,0,0,0,0,1,1
1285789008,0,0,0,0,1,1
1295770428,0,0,0,0,1,1
1396704268,0,0,0,0,1,1
1205129731,0,0,0,0,1,1
1144288036,0,0,0,0,1,1
1992987770,0,0,0,0,1,1
1174646012,1,0,0,0,0,1
1558567206,0,0,1,0,1,2
1609068659,0,0,0,0,1,1
1801953757,0,0,1,0,1,2
1225021587,1,0,0,0,1,2
1043404940,1,0,0,0,1,2
1700881612,0,0,0,0,1,1
1215955919,0,1,0,0,1,2
1154520476,0,0,0,0,1,1
1902068612,0,0,0,0,1,1
1194720110,0,0,0,0,0,0
1366438764,1,0,0,0,1,2
1801044839,0,0,0,0,1,1
1417903634,1,0,0,0,1,2
1740343367,0,0,0,0,1,1
1447984299,1,0,0,0,1,2
1629076146,0,0,1,0,1,2
1629587894,0,1,0,0,1,2
1083684914,1,0,0,0,1,2
1982799813,0,0,0,0,1,1
1477518454,0,0,0,0,1,1
1790897387,1,0,0,0,1,2
1932147477,0,0,0,0,1,1
1437478856,0,0,0,0,1,1
1366440026,0,0,0,0,0,0
1235282302,0,0,0,0,1,1
1770675530,0,0,0,0,1,1
1295754356,0,0,0,0,1,1
1700925211,0,0,0,0,0,0
1205863701,0,0,0,0,1,1
1013154400,0,0,0,0,1,1
1578658001,1,0,0,0,1,2
1285735332,0,0,0,0,0,0
1366627945,0,0,0,0,1,1
1154408227,0,0,0,0,1,1
1134254345,0,0,0,0,1,1
1184696999,0,0,0,0,1,1
1013097831,0,0,0,0,0,0
1073991477,0,0,0,0,0,0
1942203278,0,0,0,0,1,1
1467447235,0,0,0,0,1,1
1417153164,0,0,0,0,0,0
1225034358,0,0,0,0,1,1
1952996548,0,0,0,0,1,1
1043593940,0,0,0,0,1,1
1023306867,0,0,0,0,1,1
1396036091,0,0,1,0,1,2
1891750543,0,0,0,0,0,0
1831196609,1,0,0,0,1,2
1548227796,0,0,0,0,1,1
1164872545,0,0,0,0,1,1
1326044025,0,0,0,0,1,1
1730150848,0,0,0,0,1,1
1891996880,0,0,0,0,1,1
1730137688,0,0,0,0,1,1
1912214347,0,0,0,0,1,1
1235270836,0,0,0,0,0,0
1285632224,1,0,0,0,1,2
1215916721,0,0,0,0,1,1
1174044531,0,0,0,0,1,1
1003851965,0,0,0,0,1,1
1477515161,0,0,0,0,1,1
1609829365,1,0,0,0,1,2
1851553481,0,0,0,0,1,1
1164776670,0,0,0,0,1,1
1134153794,0,0,0,0,1,1
1427057165,0,0,0,0,0,0
1518974583,0,0,0,0,1,1
1740252170,0,0,0,0,1,1
1508803222,0,0,0,0,1,1
1255318168,0,0,0,0,1,1
1902947807,1,1,0,0,1,3
1508826488,0,0,0,0,1,1
1952415853,1,0,0,0,1,2
1639121981,0,1,0,0,1,2
1750571691,0,0,0,0,1,1
1215121512,0,0,0,0,1,1
1265959613,0,1,0,0,1,2
1861402810,0,0,0,0,1,1
1932262698,0,0,0,0,0,0
1336127380,0,0,0,0,1,1
1639387418,0,0,0,0,0,0
1982793287,0,0,0,0,1,1
1720019532,0,0,0,0,1,1
1982643565,1,0,0,0,0,1
1073536876,0,0,0,0,1,1
1174664783,0,0,0,0,1,1
1154309532,0,0,0,0,1,1
1356312979,0,0,0,0,1,1
1992907539,0,0,0,0,1,1
1174592455,0,0,0,0,1,1
1235253899,0,0,0,0,1,1
1508377557,0,0,0,0,1,1
1508928128,0,0,1,0,1,2
1265474563,0,0,0,0,1,1
1790723245,1,0,0,0,1,2
1528000643,1,0,0,0,1,2
1821007279,0,1,0,0,1,2
1871578955,0,0,0,0,1,1
1598781346,1,0,0,0,1,2
1033147517,0,0,0,0,1,1
1740628692,0,0,0,0,1,1
1174573653,0,0,0,0,1,1
1073501094,0,0,0,0,1,1
1215933957,0,0,0,0,1,1
1841225950,1,0,0,0,1,2
1861445926,0,0,1,0,1,2
1861470361,1,0,0,0,1,2
1699041608,1,0,0,0,1,2
1356372643,0,0,0,0,1,1
1982690582,1,0,0,0,1,2
1669693867,0,0,0,0,1,1
1043396732,0,0,0,0,1,1
1811984073,1,0,0,0,1,2
1518189182,1,0,0,0,1,2
1568418838,1,0,0,0,1,2
1396068870,0,0,0,0,1,1
1134147549,1,0,0,0,1,2
1114696184,0,0,1,0,1,2
1366444135,0,0,0,0,1,1
1427523281,0,0,0,0,1,1
1548260029,0,0,0,0,1,1
1093925810,1,0,0,0,1,2
1205946589,0,0,0,0,1,1
1134158074,1,0,0,0,1,2
1629073457,0,0,0,0,1,1
1114076395,0,0,1,0,1,2
1518025766,1,0,0,0,1,2
1023471547,0,0,0,0,1,1
1235457870,0,0,0,0,1,1
1174525414,1,0,0,0,1,2
1295735660,0,0,0,0,0,0
1467606053,0,0,0,0,1,1
1093891897,1,0,0,0,1,2
1467512624,0,1,0,0,1,2
1346238425,0,0,0,0,1,1
1427056639,1,0,0,0,0,1
1396788469,0,0,0,0,1,1
1700990546,0,0,0,0,1,1
1922087188,0,0,1,0,1,2
1295969954,0,0,0,0,1,1
1912017211,0,0,0,0,1,1
1780632844,0,0,0,0,1,1
1518069020,0,0,0,0,1,1
1306918123,1,0,0,0,1,2
1528309705,0,0,0,0,1,1
1447584222,0,1,1,0,1,3
1316291925,0,0,0,0,1,1
1477723203,0,1,0,0,1,2
1962442483,0,0,0,0,1,1
1891736930,0,0,0,0,0,0
1821354200,0,0,0,0,1,1
1598788622,1,0,0,0,1,2
1578657409,0,0,0,0,1,1
1336173848,0,1,1,0,1,3
1720050065,0,0,0,0,1,1
1881691186,1,0,0,0,1,2
1366460974,0,0,0,0,1,1
1285801787,0,0,0,0,1,1
1285961789,0,0,0,0,1,1
1114921673,0,0,0,0,1,1
1881632263,0,0,0,0,1,1
1346264017,0,0,0,0,1,1
1386732196,1,0,0,0,1,2
1548353055,0,0,0,0,1,1
1013014752,0,0,0,0,1,1
1770564437,1,0,0,0,1,2
1609888403,0,0,0,0,1,1
1265419683,0,1,1,0,1,3
1437198074,0,1,0,1,1,3
1740227537,0,0,0,0,1,1
1275601478,0,0,0,0,1,1
1891042644,0,0,0,0,1,1
1154350320,0,0,0,0,1,1
1720270820,1,0,0,0,1,2
1336611714,0,0,0,0,1,1
1225078314,1,0,0,0,0,1
1659519692,0,0,0,0,1,1
1578519286,0,0,0,0,1,1
1952355356,0,0,0,0,1,1
1871030858,0,0,0,0,1,1
1700804366,0,0,0,0,1,1
1881820249,0,0,0,0,1,1
1164507869,0,0,0,0,0,0
1225096050,1,0,0,0,1,2
1659327997,0,0,0,0,1,1
1992817910,0,0,0,0,1,1
1518179373,0,0,0,0,1,1
1235342775,0,1,0,0,1,2
1518009331,0,0,0,0,1,1
1457090110,0,0,0,0,1,1
1912256512,0,0,0,0,1,1
1659535656,0,0,0,0,0,0
1861464091,0,0,0,0,1,1
1033629068,0,0,0,0,1,1
1851520381,1,0,0,0,1,2
1396934188,0,0,0,0,1,1
1457304628,1,0,0,0,1,2
1740389980,1,0,0,0,1,2
1134120983,0,0,0,0,1,1
1356304554,0,0,0,0,1,1
1770590655,1,0,0,0,1,2
1215904495,1,0,0,0,1,2
1831167956,0,0,0,0,1,1
1508887506,0,0,0,0,1,1
1457493611,0,0,0,0,0,0
1689634883,0,0,0,0,1,1
1215095203,0,0,0,0,1,1
1649279498,0,0,0,0,1,1
1649359043,0,0,0,0,1,1
1891759874,0,0,0,0,1,1
1912142985,0,0,0,0,1,1
1306821293,0,0,0,0,1,1
1144298936,0,0,0,0,1,1
1790738789,0,0,0,0,1,1
1790785509,0,0,0,0,1,1
1871501338,0,1,0,0,1,2
1912955980,0,0,0,0,1,1
1902068562,0,0,0,0,1,1
1598914574,0,0,0,0,1,1
1588687735,0,0,0,0,1,1
1417952052,0,0,0,0,1,1
1396737904,0,0,0,0,1,1
1740258508,1,0,0,0,1,2
1689612749,0,1,1,0,1,3
1003804170,0,0,0,0,1,1
1750575213,1,0,0,0,1,2
1851663744,0,0,0,0,1,1
1740370261,0,0,0,0,1,1
1053472159,0,0,0,0,1,1
1245228675,0,0,0,0,0,0
1790795730,1,0,0,0,1,2
1336378371,0,0,0,0,1,1
1972960136,0,0,0,0,1,1
1306830963,1,0,0,0,1,2
1659311868,0,0,1,0,1,2
1689680472,0,0,1,0,1,2
1386221562,0,0,0,0,1,1
1073966735,0,0,0,0,1,1
1225233133,0,0,0,0,1,1
1821014762,0,0,0,0,0,0
1548266125,0,0,0,0,1,1
1447254255,1,0,0,0,1,2
1396760419,1,0,0,0,1,2
1750465506,0,0,0,0,1,1
1962582676,0,1,0,0,1,2
1588907901,0,0,0,0,1,1
1598762353,0,0,0,0,1,1
1437147477,0,0,0,0,1,1
1346254364,0,0,0,0,1,1
1447556493,0,0,0,0,1,1
1447514898,0,0,0,0,1,1
1376592071,1,0,0,0,1,2
1699758920,0,0,1,0,1,2
1750546008,0,0,0,0,1,1
1760525638,0,0,0,0,1,1
1497847206,0,0,0,0,1,1
1104803048,0,0,0,0,1,1
1497943344,0,0,0,0,1,1
1275514986,1,0,0,0,1,2
1326006321,1,0,0,0,1,2
1982643425,0,1,0,0,1,2
1497952998,0,0,1,0,1,2
1346342821,0,0,0,0,1,1
1174581789,1,0,0,0,1,2
1578537718,0,0,1,0,1,2
1437178993,0,1,0,0,1,2
1124218607,0,0,0,0,1,1
1134375272,0,0,1,0,1,2
1740445774,0,0,0,0,1,1
1104876002,0,0,0,0,1,1
1215910054,1,0,0,0,1,2
1891800124,1,0,0,0,1,2
1144312125,1,0,0,0,1,2
1144400839,0,0,0,0,1,1
1649327735,0,1,1,0,0,2
1467458729,0,0,0,0,1,1
1710074026,0,0,0,0,1,1
1609955202,0,0,0,0,1,1
1013904093,0,0,1,0,1,2
1609877315,1,0,0,0,1,2
1467412304,0,0,0,0,1,1
1033113386,0,0,0,0,1,1
1104998194,0,0,0,0,1,1
1932175999,0,0,0,0,1,1
1487705034,1,0,0,0,1,2
1902857139,1,0,0,0,1,2
1518962539,0,0,0,0,1,1
1992847669,0,0,0,0,0,0
1972767192,0,0,1,0,1,2
1457594400,0,0,0,0,1,1
1790760502,0,0,0,0,1,1
1790735587,0,1,0,0,1,2
1184604274,1,0,0,0,1,2
1154689156,0,0,0,0,1,1
1821262072,0,0,0,0,1,1
1891014114,0,0,0,0,1,1
1881093409,0,0,0,0,1,1
1902838881,0,0,0,0,1,1
1982673976,0,0,0,0,0,0
1407991839,0,0,0,0,1,1
1952363830,1,0,0,0,1,2
1982732277,1,0,0,0,1,2
1528021490,0,0,0,0,0,0
1962506238,0,0,0,0,1,1
1467425280,0,1,0,0,1,2
1235460510,0,0,0,0,1,1
1023049079,0,0,0,0,0,0
1477538619,0,0,0,0,0,0
1518149756,0,0,0,0,1,1
1598920357,0,0,0,0,0,0
1619943388,0,0,0,0,1,1
1497726962,0,1,0,0,1,2
1750343760,0,1,1,0,1,3
1861467581,1,0,0,0,1,2
1881786770,0,1,0,0,1,2
1497847867,0,0,0,0,1,1
1861443640,0,0,0,0,1,1
1669630737,0,0,0,0,1,1
1285734715,0,0,0,0,1,1
1740348226,0,1,0,0,1,2
1396717278,0,0,0,0,1,1
1407851777,0,0,0,0,1,1
1568480226,1,0,0,0,1,2
1992800155,0,0,0,0,1,1
1760688923,1,0,0,0,1,2
1053671347,0,0,0,0,1,1
1326044819,0,0,0,0,1,1
1982677068,1,0,0,0,1,2
1104887447,0,0,0,0,1,1
1710946256,0,0,1,0,1,2
1467496687,0,0,0,0,0,0
1649308966,0,0,0,0,1,1
1760788368,1,0,0,0,1,2
1023074341,0,0,0,0,0,0
1245453018,0,0,1,0,1,2
1285670059,0,0,0,0,1,1
1326014028,0,0,0,0,1,1
1235185315,0,0,0,0,1,1
1093742272,0,0,0,0,1,1
1851393003,0,0,0,0,1,1
1922042662,1,0,0,0,1,2
1275559106,1,0,0,0,1,2
1396826814,0,1,0,0,1,2
1134109895,0,0,0,0,1,1
1346265790,1,0,0,0,1,2
1841606308,0,0,0,0,1,1
1730127994,0,0,1,0,1,2
1598795411,0,0,0,0,1,1
1558368043,1,0,0,0,1,2
1457329179,1,0,0,0,1,2
1750341533,0,0,0,0,1,1
1811997596,0,0,0,0,1,1
1790784643,0,0,0,0,0,0
1477666923,0,0,1,0,1,2
1366443640,0,0,0,0,0,0
1821768672,0,0,0,0,1,1
1265417398,0,0,0,0,1,1
1871523175,0,0,0,0,1,1
1164479374,1,0,0,0,1,2
1598713737,0,0,1,0,1,2
1962427260,0,0,0,0,1,1
1346293453,1,0,0,0,1,2
1760589147,0,0,0,0,1,1
1083626519,0,0,0,0,0,0
1871594887,0,0,1,0,1,2
1619932167,0,1,0,0,1,2
1306165014,0,0,0,0,1,1
1841253044,0,0,0,0,1,1
1104080639,0,0,0,0,1,1
1609826973,0,0,0,0,1,1
1346272564,0,0,0,0,1,1
1922367572,0,0,0,0,1,1
1780653840,0,0,0,0,1,1
1972954006,1,0,0,0,1,2
1568407666,0,0,0,0,1,1
1205093846,0,0,0,0,1,1
1205852290,0,0,0,0,0,0
1376637553,0,0,0,0,1,1
1609864586,0,0,1,0,1,2
1740497007,0,0,0,0,1,1
1518953462,0,0,1,0,1,2
1821290990,0,0,0,0,1,1
1023218278,0,0,0,0,1,1
1366419988,0,0,0,0,1,1
1609005479,0,0,0,0,1,1
1578015517,0,0,0,0,1,1
1083696843,1,0,0,0,1,2
1285954180,1,0,0,0,1,2
1578728549,0,0,0,0,1,1
1720017247,0,0,0,0,1,1
1417452046,0,0,0,0,1,1
1164690111,0,0,0,0,1,1
1942287826,1,0,0,0,1,2
1023052578,0,0,0,0,0,0
1407812449,0,0,0,0,1,1
1457354805,0,0,0,0,1,1
1700847126,0,0,0,0,1,1
1700105673,0,0,0,0,1,1
1023093663,0,0,0,0,1,1
1013042944,0,0,1,0,1,2
1275669954,0,0,0,0,1,1
1841267846,0,0,0,0,1,1
1659300796,0,0,0,0,1,1
1023191871,0,1,1,0,1,3
1851341820,0,0,0,0,1,1
1285722553,0,0,0,0,1,1
1306924519,0,0,0,0,1,1
1104082353,1,0,0,0,1,2
1548220304,0,1,0,0,0,1
1801833413,0,0,0,0,1,1
1962594309,0,0,0,0,1,1
1972696409,1,0,0,0,1,2
1689680548,0,0,0,0,1,1
1215259841,0,0,0,0,0,0
1356356802,1,0,0,0,1,2
1548258924,1,0,0,0,0,1
1922050525,0,0,0,0,1,1
1174728612,0,0,0,0,1,1
1043466535,0,0,0,0,1,1
1801846480,0,0,0,0,1,1
1811083116,0,0,0,0,1,1
1972590511,0,1,0,0,1,2
1245280007,0,1,1,0,1,3
1225394612,0,0,0,0,1,1
1932101771,0,0,0,0,1,1
1356782882,0,0,0,0,1,1
1982788691,0,0,1,0,1,2
1841238045,0,0,0,0,1,1
1871825307,0,0,0,0,1,1
1437248697,0,0,0,0,1,1
1871510370,0,0,0,0,1,1
1366479404,0,0,1,0,1,2
1376595256,0,0,0,0,1,1
1609979723,0,0,0,0,1,1
1912972589,0,0,0,0,1,1
1962403808,1,0,0,0,1,2
1831240191,1,0,0,0,1,2
1316900236,0,0,0,0,1,1
1881603892,1,0,0,0,1,2
1982177473,0,0,0,0,1,1
1841405008,0,0,0,0,1,1
1548223779,0,0,0,0,0,0
1215004858,0,0,0,0,1,1
1366510083,0,1,1,0,1,3
1134564222,0,0,0,0,1,1
1750615282,0,0,0,0,1,1
1316933419,0,0,0,0,1,1
1255301024,0,0,0,0,1,1
1447296538,0,0,0,0,1,1
1114924321,1,0,0,0,1,2
1083807937,1,0,0,0,1,2
1629172051,0,0,0,0,1,1
1932113735,0,0,0,0,0,0
1740387646,0,0,0,0,1,1
1679764096,0,0,0,0,1,1
1659466837,1,0,0,0,1,2
1235152554,0,0,0,0,1,1
1851553119,0,0,0,0,1,1
1710907878,0,0,0,0,1,1
1790753770,0,0,0,0,1,1
1225131030,0,1,0,0,0,1
1639111222,0,0,0,0,1,1
1154416808,0,0,0,0,1,1
1720077589,0,0,0,0,1,1
1134137383,0,1,0,0,1,2
1750643508,1,0,0,0,1,2
1932211646,0,0,1,0,1,2
1821042771,0,0,0,0,1,1
1881615995,0,0,0,0,1,1
1609857754,0,1,1,0,1,3
1598705832,1,0,0,0,1,2
1225122880,0,1,0,0,1,2
1922233618,0,0,0,0,1,1
1508967167,0,0,0,0,1,1
1073546131,0,1,0,0,1,2
1659374973,0,0,1,0,1,2
1295235323,0,0,0,0,1,1
1053631960,0,0,0,0,1,1
1477739597,0,0,0,0,1,1
1093811358,0,0,0,0,1,1
1861698185,0,0,0,0,1,1
1770733321,1,0,0,0,1,2
1356469522,0,1,0,0,1,2
1851400485,0,0,0,0,1,1
1588636922,0,0,0,0,0,0
1578883237,0,0,0,0,1,1
1528782067,0,0,0,0,1,1
1407885387,0,0,0,0,1,1
1548248339,0,0,0,0,1,1
1750347449,0,0,0,0,0,0
1184608663,0,0,0,0,1,1
1790781193,1,0,0,0,1,2
1336338268,1,0,0,0,1,2
1023093309,1,0,0,0,1,2
1588652283,1,0,0,0,1,2
1447231014,1,0,0,0,1,2
1255372769,0,1,0,0,1,2
1457376915,0,0,0,0,1,1
1235315995,0,0,0,0,1,1
1487699641,0,1,0,0,1,2
1831161561,1,0,0,0,1,2
1629084843,0,1,0,0,1,2
1487661286,0,0,0,0,1,1
1255596649,0,0,0,0,1,1
1639164684,1,0,0,0,1,2
1346341575,0,0,0,0,0,0
1235544198,1,0,0,0,1,2
1881636082,0,1,0,0,1,2
1588652267,0,0,0,0,1,1
1528027836,0,1,0,0,0,1
1558553016,0,0,0,0,1,1
1679677892,0,1,1,0,0,2
1598766487,0,0,0,0,1,1
1609817295,0,0,0,0,1,1
1578668703,0,0,0,0,1,1
1750471546,0,1,0,0,0,1
1235227778,0,0,0,0,0,0
1699952275,0,0,0,0,1,1
1467781625,0,0,0,0,1,1
1457319337,1,0,0,0,0,1
1144296492,0,0,0,0,1,1
1457516163,0,0,0,0,1,1
1285740480,0,0,0,0,1,1
1447395561,0,0,0,0,1,1
1306391396,1,0,0,0,1,2
1699772160,0,1,1,0,1,3
1326078528,0,0,0,0,1,1
1659327484,0,0,0,0,1,1
1134230766,0,0,1,0,1,2
1932218666,0,0,0,0,1,1
1124205059,0,1,1,0,0,2
1598732349,0,0,0,0,1,1
1922058718,0,0,0,0,1,1
1265530182,0,1,0,0,1,2
1093766008,0,0,0,0,1,1
1386868826,0,0,0,0,1,1
1235391038,0,0,1,0,1,2
1821329665,0,0,0,0,1,1
1649334079,0,0,1,0,1,2
1427097153,0,0,0,0,1,1
1538416185,0,0,0,0,1,1
1124024336,0,0,0,0,1,1
1003859661,0,0,0,0,1,1
1619179454,0,0,0,0,1,1
1043257645,1,0,0,0,1,2
1073541512,0,0,0,0,1,1
1215997887,0,0,0,0,1,1
1427008366,1,0,0,0,1,2
1740209964,0,0,0,0,1,1
1447357025,0,0,0,0,1,1
1922100403,0,0,0,0,1,1
1336375450,0,1,0,0,1,2
1932121571,0,0,0,0,1,1
1053373001,1,0,0,0,1,2
1881281905,0,0,0,0,1,1
1639134828,0,0,0,0,1,1
1497957526,1,0,0,0,1,2
1326123100,1,0,0,0,1,2
1659513919,0,0,0,0,1,1
1306919899,0,1,0,0,1,2
1518945443,1,0,0,0,1,2
1205806015,0,0,0,0,1,1
1134126691,0,0,0,0,1,1
1124595103,0,0,0,0,1,1
1073651550,0,1,0,0,0,1
1659347409,1,0,0,0,1,2
1902863111,0,0,0,0,1,1
1710156476,0,1,0,0,1,2
1205864626,1,0,0,0,1,2
1295787927,0,0,0,0,1,1
1639119621,1,0,0,0,0,1
1942528534,0,1,0,0,1,2
1942623525,1,0,0,0,1,2
1811155518,0,0,0,0,1,1
1184647091,0,0,0,0,1,1
1508074352,0,1,0,0,0,1
1437173119,0,0,0,0,1,1
1770597163,1,0,0,0,1,2
1548447717,1,0,0,0,1,2
1275521346,0,0,0,0,1,1
1760547699,0,0,0,0,1,1
1063425585,0,0,0,0,1,1
1174634687,0,0,0,0,1,1
1386677540,0,0,0,0,1,1
1003176975,0,0,0,0,1,1
1679544001,0,0,0,0,1,1
1710912068,0,0,0,0,1,1
1821094210,1,0,0,0,1,2
1609133776,1,0,0,0,1,2
1245286921,1,0,0,0,1,2
1598201931,0,0,0,0,1,1
1043205370,1,0,0,0,1,2
1235104464,0,0,0,0,1,1
1679509657,1,0,0,0,1,2
1396131538,0,0,0,0,1,1
1720177173,0,0,1,0,1,2
1366467102,1,0,0,0,1,2
1235125683,0,1,0,0,1,2
1265767925,0,0,0,0,1,1
1336180439,0,0,0,0,0,0
1396798872,0,0,0,0,1,1
1205879434,0,1,0,0,1,2
1730258401,0,0,0,0,1,1
1306025143,0,0,0,0,1,1
1700883014,0,0,0,0,1,1
1043269194,0,0,0,0,1,1
1730169848,1,0,0,0,1,2
1295992535,0,0,1,0,1,2
1942245147,1,0,0,0,1,2
1114018322,0,0,0,0,1,1
1902859150,0,0,1,0,1,2
1356301220,0,0,0,0,1,1
1063492965,0,0,0,0,1,1
1881970036,0,0,0,0,1,1
1932143997,0,0,0,0,1,1
1639358427,0,1,0,0,1,2
1164412680,0,0,0,0,1,1
1992981161,0,1,1,0,1,3
1619961893,1,0,0,0,1,2
1932183829,1,0,0,0,1,2
1043272776,0,0,1,0,1,2
1629096664,0,0,0,0,1,1
1205931722,0,0,0,0,1,1
1629011283,0,0,0,0,1,1
1164420469,0,0,0,0,1,1
1174026967,0,0,0,0,1,1
1659353068,0,0,0,0,1,1
1205905478,0,0,0,0,1,1
1487844643,1,0,0,0,1,2
1598896110,0,0,0,0,1,1
1205968757,0,0,0,0,0,0
1548360084,1,0,0,0,1,2
1093788499,0,0,0,0,1,1
1780688028,1,0,0,0,1,2
1841462694,0,0,0,0,1,1
1033537493,0,0,0,0,1,1
1669511721,0,0,1,0,1,2
1497908560,0,0,0,0,1,1
1760544340,1,0,0,0,1,2
1023035466,0,0,0,0,1,1
1841311479,0,0,0,0,0,0
1609034594,0,0,0,0,0,0
1851349047,0,0,0,0,1,1
1457333262,1,0,0,0,1,2
1164644480,0,0,0,0,1,1
1275793580,0,0,1,0,0,1
1558304956,0,0,0,0,1,1
1003997479,0,0,0,0,1,1
1881686368,0,0,0,0,1,1
1043228414,0,0,1,0,1,2
1659350882,0,0,0,0,1,1
1154593259,0,0,0,0,0,0
1881648541,1,0,0,0,1,2
1124098587,0,0,0,0,1,1
1699814350,1,0,0,0,1,2
1659539153,0,0,0,0,1,1
1629269600,0,0,0,0,1,1
1104820927,0,0,0,0,1,1
1861591794,0,0,0,0,1,1
1548363989,0,0,0,0,1,1
1710940416,0,1,1,0,0,2
1851554265,0,0,0,0,1,1
1962765834,0,0,0,0,1,1
1245245109,0,1,0,0,1,2
1831534957,0,0,0,0,1,1
1891841144,0,0,0,0,1,1
1548323769,0,1,1,0,1,3
1063568202,0,1,0,0,0,1
1629145727,1,0,0,0,1,2
1801874045,0,0,0,0,1,1
1154557601,0,0,0,0,1,1
1932155421,1,0,0,0,1,2
1164403382,0,0,0,0,0,0
1750383261,0,1,0,0,1,2
1356582308,0,0,0,0,1,1
1417095340,0,0,0,0,1,1
1891728168,0,0,0,0,1,1
1518122613,0,0,0,0,1,1
1376599647,0,0,0,0,1,1
1811950454,1,0,0,0,0,1
1366520298,0,0,0,0,1,1
1184614240,0,0,0,0,1,1
1740424712,1,0,0,0,1,2
1124431069,0,0,0,0,1,1
1548203839,0,0,0,0,1,1
1255726865,0,0,0,0,1,1
1588768741,0,0,0,0,1,1
1144628538,0,0,0,0,1,1
1629281282,1,0,0,0,1,2
1528028297,0,0,0,0,1,1
1508819350,0,0,0,0,1,1
1093913444,0,0,0,0,1,1
1508849423,0,1,1,0,0,2
1427021872,1,0,0,0,1,2
1548282700,1,0,0,0,1,2
1013997360,1,0,0,0,1,2
1154389138,1,0,0,0,1,2
1033137377,0,0,0,0,1,1
1639524002,0,0,0,0,1,1
1538246194,0,0,0,0,1,1
1881696078,0,0,0,0,1,1
1114033057,0,1,0,0,0,1
1013918242,0,0,0,0,1,1
1912991696,0,1,0,0,0,1
1154437028,0,0,0,0,1,1
1154595304,0,0,0,0,1,1
1073677977,0,0,0,0,1,1
1992146476,0,0,0,0,1,1
1174546493,0,0,0,0,1,1
1760491807,0,0,0,0,1,1
1285012666,0,0,0,0,1,1
1477909752,0,0,0,0,1,1
1659343861,0,0,0,0,1,1
1659303824,0,0,0,0,1,1
1417274820,0,0,1,0,0,1
1396769055,0,0,0,0,1,1
1457352106,0,0,0,0,1,1
1306259809,0,0,0,0,1,1
1417027525,0,1,0,0,0,1
1346267291,0,0,0,0,1,1
1881692952,1,0,0,0,1,2
1609167253,1,0,0,0,1,2
1376593566,0,0,0,0,1,1
1518910132,0,1,1,0,1,3
1720089204,0,0,0,0,1,1
1205033073,0,0,0,0,1,1
1316304645,0,0,0,0,1,1
1437163854,1,0,0,0,1,2
1194778316,0,0,0,0,1,1
1912903048,0,0,0,0,1,1
1710988944,1,0,0,0,1,2
1104367358,0,0,0,0,1,1
1346479458,1,0,0,0,1,2
1699714899,0,0,0,0,1,1
1568450534,1,0,0,0,1,2
1245761634,0,0,0,0,1,1
1285609537,0,0,0,0,1,1
1518968429,0,0,0,0,1,1
1568607703,0,1,0,0,0,1
1578520763,0,0,0,0,1,1
1457554529,0,0,0,0,1,1
1720094196,0,0,0,0,1,1
1013957125,0,0,0,0,1,1
1417110305,1,0,0,0,1,2
1356669154,0,0,0,0,1,1
1669582938,0,1,1,0,0,2
1417910795,0,0,0,0,1,1
1558477661,0,0,0,0,1,1
1003174814,0,1,0,0,1,2
1699707059,0,0,0,0,1,1
1023084100,0,0,0,0,1,1
1588839500,0,0,0,0,1,1
1740396092,0,0,0,0,1,1
1134210271,0,1,1,0,0,2
1255688701,1,0,0,0,1,2
1376731406,0,0,1,0,1,2
1689628885,0,0,0,0,0,0
1427187319,0,0,0,0,1,1
1689817439,1,0,0,0,0,1
1629073010,0,0,0,0,1,1
1689169088,0,0,0,0,1,1
1952304081,0,1,0,0,0,1
1891738118,0,0,0,0,1,1
1578615480,0,0,0,0,1,1
1396973640,0,0,0,0,1,1
1699899724,0,0,0,0,1,1
1609010883,1,0,0,0,1,2
1205229531,0,0,0,0,1,1
1992248157,0,0,0,0,1,1
1780648873,0,0,0,0,1,1
1821052754,0,0,0,0,1,1
1861686354,0,0,0,0,1,1
1548271406,0,0,0,0,1,1
1740366434,0,0,0,0,1,1
1659475267,0,0,0,0,0,0
1447261136,0,0,0,0,1,1
1952403933,0,1,1,0,0,2
1205919115,0,0,0,0,1,1
1053481382,0,0,0,0,1,1
1215995337,0,1,0,0,0,1
1538437223,0,0,0,0,1,1
1063409381,0,0,0,0,1,1
1447424007,0,0,0,0,1,1
1023033107,0,0,0,0,1,1
1073764718,0,0,0,0,1,1
1740209535,0,1,0,0,0,1
1982882882,0,0,0,0,1,1
1467414797,0,1,0,0,0,1
1104003458,0,0,0,0,1,1
1861668980,0,0,0,0,1,1
1558399485,0,0,0,0,1,1
1104846450,0,0,0,0,1,1
1033375464,1,0,0,0,1,2
1851392229,0,0,0,0,1,1
1053631580,0,0,0,0,1,1
1871541466,0,0,0,0,1,1
1740628726,1,0,0,0,1,2
1669631248,0,0,0,0,1,1
1811199946,0,0,0,0,1,1
1275876229,0,1,1,0,1,3
1083622906,0,0,0,0,1,1
1255504031,0,0,0,0,1,1
1710133277,0,0,0,0,0,0
1952375362,0,0,0,0,1,1
1821092685,1,0,0,0,1,2
1891719902,0,0,0,0,1,1
1699700849,0,0,0,0,1,1
1114361458,1,0,0,0,1,2
1730186677,0,0,1,0,0,1
1669415741,0,0,0,0,1,1
1598265613,0,1,0,0,1,2
1497753131,0,0,0,0,1,1
1356383566,0,0,0,0,1,1
1710983481,0,0,0,0,1,1
1225226301,0,0,0,0,1,1
1831186790,0,0,0,0,1,1
1952422917,1,0,0,0,1,2
1649247487,0,0,0,0,1,1
1194766121,0,0,0,0,1,1
1679630743,0,0,0,0,1,1
1629338348,0,0,0,0,1,1
1376596403,0,1,0,0,1,2
1265763155,0,0,0,0,1,1
1134115397,0,0,0,0,1,1
1396725362,0,1,0,0,0,1
1467412189,0,0,0,0,1,1
1508850991,0,0,0,0,1,1
1356371884,0,0,0,0,1,1
1295919371,0,1,0,0,1,2
1982614400,0,0,0,0,1,1
1457394918,0,1,1,0,0,2
1558380576,0,0,0,0,1,1
1548274749,0,0,0,0,1,1
1225215726,0,0,0,0,1,1
1285653113,0,0,0,0,1,1
1245573252,1,0,0,0,1,2
1437323391,0,0,0,0,1,1
1316043060,0,0,0,0,1,1
1477715084,1,0,0,0,1,2
1851449896,0,0,0,0,1,1
1942395603,0,0,0,0,1,1
1437146966,0,0,0,0,0,0
1265498703,0,0,0,0,1,1
1649278110,1,0,0,0,1,2
1689658809,0,0,0,0,1,1
1922010008,0,0,0,0,1,1
1831700285,0,0,0,0,1,1
1033103114,0,0,0,0,1,1
1265403570,0,0,0,0,1,1
1609867381,1,0,0,0,1,2
1144421355,0,0,0,0,1,1
1427198787,0,0,0,0,1,1
1194033860,0,0,0,0,1,1
1982600979,1,0,0,0,1,2
1932337060,0,0,0,0,1,1
1992730568,0,0,0,0,1,1
1699202655,0,1,0,0,0,1
1609808807,0,1,0,0,0,1
1467493049,0,0,0,0,1,1
1417045329,0,0,0,0,0,0
1457485690,1,0,0,0,1,2
1629017447,0,0,0,0,1,1
1659518694,1,0,0,0,1,2
1386964260,1,0,0,0,1,2
1346224078,0,0,0,0,1,1
1265998736,0,0,0,0,1,1
1366024952,0,0,0,0,1,1
1851474696,0,0,0,0,1,1
1427041078,0,0,0,0,1,1
1891897997,1,0,0,0,1,2
1861490641,1,0,0,0,1,2
1154327518,0,0,0,0,1,1
1982966883,0,0,0,0,1,1
1205902954,1,1,1,0,0,3
1740569227,0,0,0,0,1,1
1992071211,1,0,0,0,1,2
1710987102,0,0,0,0,1,1
1164441622,0,1,1,0,0,2
1922047067,1,0,0,0,1,2
1609977719,0,0,0,0,1,1
1972616100,0,0,0,0,1,1
1871723676,0,0,0,0,1,1
1225015381,0,0,0,0,1,1
1891753315,0,0,0,0,1,1
1255396032,0,0,0,0,1,1
1780020073,0,0,0,0,1,1
1184720542,0,0,0,0,1,1
1912193137,0,0,0,0,1,1
1033341656,0,0,0,0,1,1
1972606374,0,0,0,0,1,1
1619105061,0,0,0,0,1,1
1114286879,0,0,0,0,1,1
1871650465,0,0,0,0,1,1
1760491344,0,0,0,0,1,1
1750805941,0,1,1,0,0,2
1568406460,0,0,0,0,1,1
1164466082,0,0,0,0,1,1
1073866406,0,0,0,0,1,1
1891738498,0,0,0,0,1,1
1124249560,0,0,0,0,1,1
1255713327,0,0,0,0,1,1
1487817854,0,0,0,0,1,1
1447560719,1,0,0,0,1,2
1801869607,1,0,0,0,1,2
1114989092,0,0,0,0,1,1
1164416806,0,0,0,0,1,1
1548346695,0,0,0,0,1,1
1003007204,0,0,0,0,1,1
1487690855,1,0,0,0,1,2
1669458931,1,0,0,0,1,2
1508887290,0,1,0,0,0,1
1568468684,0,0,0,0,1,1
1972521318,1,0,0,0,1,2
1154383784,1,0,0,0,1,2
1780861849,0,0,0,0,1,1
1336129071,0,0,0,0,1,1
1114062775,0,0,0,0,1,1
1891779062,0,0,0,0,1,1
1306863063,0,0,0,0,1,1
1619956976,0,0,0,0,1,1
1720223803,0,0,0,0,1,1
1760426670,0,0,0,0,1,1
1336255850,1,0,0,0,1,2
1700879186,1,0,0,0,1,2
1477709632,0,0,0,0,1,1
1578500146,0,0,0,0,1,1
1811914658,0,0,0,0,1,1
1154424372,0,0,0,0,1,1
1588698534,0,1,1,0,0,2
1629210927,1,0,0,0,0,1
1285730705,0,0,0,0,1,1
1629203708,0,0,0,0,1,1
1871778001,0,0,0,0,1,1
1982023917,0,0,0,0,1,1
1396703351,0,0,0,0,1,1
1265430649,0,0,0,0,0,0
1235174053,1,0,0,0,0,1
1205851177,0,0,0,0,1,1
1396744546,0,0,0,0,1,1
1619077906,0,0,0,0,1,1
1760477202,0,0,0,0,1,1
1205944089,0,0,0,0,1,1
1073654570,1,0,0,0,1,2
1558547943,0,0,0,0,1,1
1699859314,1,0,0,0,1,2
1548395460,0,1,0,0,0,1
1114089471,0,1,0,0,0,1
1790768430,1,0,0,0,1,2
1538695333,0,0,0,0,1,1
1174781553,0,0,0,0,1,1
1235131061,0,0,0,0,1,1
1982801718,1,0,0,0,1,2
1205827623,0,0,0,0,1,1
1851658876,0,0,0,0,1,1
1013951870,1,0,0,0,1,2
1720079437,0,0,0,0,1,1
1376588194,1,0,0,0,1,2
1609897206,0,0,0,0,1,1
1588616676,0,0,0,0,1,1
1295939486,0,0,0,0,1,1
1679861256,0,0,0,0,1,1
1326333246,0,0,0,0,1,1
1366553372,1,0,0,0,0,1
1841206703,1,0,0,0,1,2
1902064421,0,0,0,0,0,0
1437257706,0,0,0,0,1,1
1871655944,0,0,0,0,1,1
1548212756,1,0,0,0,1,2
1740253954,0,0,0,0,1,1
1851479380,0,0,0,0,1,1
1881826121,0,0,0,0,1,1
1417950155,1,0,0,0,1,2
1912908633,0,0,0,0,1,1
1740278415,0,0,0,0,1,1
1306835202,1,0,0,0,1,2
1134274012,0,0,0,0,1,1
1720043920,0,0,0,0,1,1
1043666142,0,0,0,0,1,1
1669439279,0,0,0,0,0,0
1588636393,0,0,0,0,1,1
1649215989,0,0,0,0,1,1
1598743098,0,0,0,0,1,1
1184761439,0,0,0,0,1,1
1184706343,0,0,0,0,1,1
1902013196,0,0,0,0,1,1
1588810055,0,0,0,0,1,1
1609883438,0,0,0,0,1,1
1578636650,0,0,1,0,1,2
1144328717,0,0,0,0,1,1
1710959549,1,0,0,0,1,2
1275636060,0,0,0,0,1,1
1811947328,0,0,0,0,1,1
1689968885,0,0,0,0,1,1
1841218013,0,0,0,0,1,1
1558346106,0,1,1,0,0,2
1407997406,1,0,0,0,1,2
1528035573,0,0,0,0,0,0
1306860465,0,0,0,0,1,1
1588753842,0,0,0,0,1,1
1679557375,0,0,0,0,1,1
1003168840,1,0,0,0,1,2
1255444105,0,0,0,0,0,0
1093817512,0,0,0,0,1,1
1225094071,1,0,0,0,1,2
1336137850,0,0,0,0,0,0
1558380808,0,0,0,0,1,1
1700038577,0,0,0,0,1,1
1528024122,0,0,0,0,1,1
1750475562,0,0,0,0,1,1
1841231057,0,1,0,0,0,1
1962606509,0,0,0,0,1,1
1619971553,0,0,0,0,1,1
1295782951,1,0,0,0,1,2
1487752093,0,0,0,0,1,1
1821030438,1,0,0,0,1,2
1518233899,0,0,0,0,1,1
1750390092,0,0,0,0,1,1
1801011085,0,0,0,0,1,1
1649520909,1,0,0,0,1,2
1669426557,0,0,0,0,1,1
1982677712,0,0,0,0,1,1
1033220256,0,0,0,0,1,1
1497899223,1,0,0,0,1,2
1730380007,0,1,0,0,0,1
1225259666,0,0,0,0,1,1
1407054471,0,0,0,0,1,1
1790881159,0,0,0,0,1,1
1164606034,0,0,0,0,1,1
1255402418,0,0,0,0,1,1
1659318608,0,0,0,0,0,0
1245402072,0,0,0,0,0,0
1366489312,0,1,0,0,0,1
1205812898,0,0,0,0,1,1
1508071846,0,0,0,0,1,1
1023009909,0,0,0,0,1,1
1487614798,0,0,0,0,1,1
1336528173,0,0,0,0,1,1
1619989266,0,0,0,0,1,1
1568563401,0,0,0,0,1,1
1588600894,0,0,0,0,1,1
1790730497,1,0,0,0,1,2
1639230766,0,0,0,0,0,0
1619174240,0,0,0,0,1,1
1134277569,0,0,0,0,1,1
1245664788,0,0,0,0,1,1
1124382783,1,0,0,0,1,2
1023295516,0,0,0,0,1,1
1508820184,0,0,0,0,1,1
1285616094,0,0,0,0,1,1
1093778276,1,0,0,0,1,2
1063614436,0,0,0,0,1,1
1568441244,1,0,0,0,0,1
1598716680,1,0,0,0,1,2
1053303461,0,0,0,0,0,0
1497742381,1,0,0,0,0,1
1811946866,0,0,0,0,1,1
1215553326,0,0,1,0,1,2
1508806712,0,0,0,0,0,0
1699763391,1,0,0,0,1,2
1942543533,0,0,0,0,0,0
1083133615,0,0,0,0,1,1
1467409961,0,0,0,0,1,1
1821017344,1,0,0,0,1,2
1194035667,0,0,0,0,1,1
1932130481,0,0,0,0,0,0
1447214002,0,0,0,0,1,1
1093794547,0,0,0,0,0,0
1265476261,0,0,0,0,0,0
1073734935,0,1,0,0,0,1
1639130651,1,0,0,0,1,2
1508849043,0,0,0,0,1,1
1306880786,0,0,0,0,1,1
1104827799,0,0,0,0,1,1
1578791729,0,1,0,0,0,1
1861554974,0,0,0,0,1,1
1306070750,0,0,0,0,1,1
1457318545,1,0,0,0,1,2
1932174612,0,0,0,0,1,1
1306917661,0,0,0,0,1,1
1477930717,1,0,0,0,1,2
1689768277,1,0,0,0,1,2
1962403998,0,0,0,0,1,1
1013020593,0,0,0,0,1,1
1801114111,0,0,0,0,0,0
1922274141,0,0,0,0,1,1
1215038674,1,0,0,0,0,1
1023531167,0,0,0,0,0,0
1831485705,0,0,0,0,0,0
1801887856,0,0,0,0,0,0
1568411924,0,0,0,0,0,0
1609851369,0,0,0,0,1,1
1417023201,0,0,0,0,1,1
1316472400,0,0,0,0,1,1
1366540791,0,0,0,0,0,0
1851315857,0,0,0,0,1,1
1699761437,0,0,0,0,1,1
1811921794,0,1,0,0,0,1
1528068368,0,1,0,0,0,1
1669519385,0,1,1,0,0,2
1043257728,0,0,0,0,1,1
1568433498,0,0,0,0,1,1
1952349813,0,0,0,0,1,1
1265521611,0,0,0,0,1,1
1962885350,0,0,0,0,1,1
1013070754,0,0,0,0,1,1
1396747598,0,0,0,0,1,1
1982069316,0,1,1,0,0,2
1861443459,0,0,0,0,1,1
1598733651,0,0,0,0,1,1
1881898104,0,0,0,0,1,1
1922033869,0,0,0,0,1,1
1174840680,0,0,0,0,1,1
1659399269,0,0,0,0,1,1
1235113556,0,1,0,0,0,1
1972691368,0,0,0,0,0,0
1952629230,1,0,0,0,1,2
1467483958,0,0,0,0,0,0
1356468672,0,0,0,0,1,1
1790741262,0,1,0,0,1,2
1063578425,1,1,0,0,0,2
1467467399,0,0,0,0,1,1
1679638423,1,0,0,0,1,2
1356488845,0,0,0,0,1,1
1164417945,0,1,0,0,0,1
1942680673,1,0,0,0,1,2
1669614897,0,0,0,0,1,1
1679576383,0,0,0,0,0,0
1235334145,0,0,0,0,1,1
1053341685,0,0,0,0,1,1
1558334656,1,0,0,0,1,2
1063910016,1,0,0,0,0,1
1922061548,0,0,0,0,1,1
1295026482,0,0,0,0,1,1
1063077006,0,0,0,0,1,1
1407816820,0,0,0,0,1,1
1346315900,0,0,0,0,0,0
1386775740,0,0,0,0,0,0
1083257521,0,0,0,0,0,0
1255335592,0,0,0,0,1,1
1841389087,0,0,0,0,1,1
1346360690,1,0,0,0,1,2
1245281120,0,0,0,0,1,1
1114024247,0,0,0,0,1,1
1881115442,1,0,0,0,1,2
1245586296,0,0,0,0,1,1
1407894975,0,1,0,0,0,1
1083140172,1,0,0,0,0,1
1174563431,0,0,0,0,0,0
1437198264,1,0,0,0,1,2
1336140052,0,0,0,0,1,1
1467490953,1,0,0,0,1,2
1417902339,0,0,0,0,0,0
1245528629,0,0,0,0,1,1
1629431267,1,0,0,0,1,2
1861464166,0,0,0,0,0,0
1962405597,0,0,1,0,0,1
1164836896,0,0,0,0,0,0
1881702793,0,0,0,0,1,1
1851319180,0,0,0,0,1,1
1013406099,0,0,0,0,1,1
1225490956,0,1,0,0,1,2
1083761670,0,1,0,0,0,1
1568418689,0,0,1,0,0,1
1811153695,0,0,0,0,0,0
1427088202,0,0,0,0,1,1
1912999426,0,0,0,0,1,1
1891999413,1,0,0,0,1,2
1780675108,0,0,0,0,1,1
1508034927,1,0,0,0,0,1
1083820252,0,0,0,0,0,0
1538471842,0,0,0,0,1,1
1306037171,1,0,0,0,0,1
1093864423,0,0,0,0,1,1
1720015787,0,0,0,0,1,1
1699944314,0,0,0,0,0,0
1538157227,0,0,0,0,1,1
1952364788,0,0,0,0,1,1
1942220835,0,0,0,0,1,1
1124211560,0,0,0,0,0,0
1548474257,1,0,0,0,0,1
1104867068,0,1,1,0,0,2
1104006360,0,0,0,0,0,0
1700987823,0,0,0,0,1,1
1982649695,1,0,0,0,1,2
1053300863,0,0,0,0,1,1
1255437125,0,1,0,0,0,1
1972784866,0,0,0,0,1,1
1730271412,0,0,0,0,1,1
1639224264,0,0,0,0,1,1
1659312536,0,0,0,0,1,1
1326121823,1,0,0,0,0,1
1255333456,0,0,0,0,1,1
1033369806,0,0,0,0,0,0
1750549473,1,0,0,0,0,1
1356385165,0,0,0,0,1,1
1588679989,0,0,0,0,1,1
1629194543,1,0,0,0,0,1
1063535664,0,0,0,0,0,0
1275513491,0,0,0,0,1,1
1366637332,1,0,0,0,1,2
1588658512,0,0,0,0,0,0
1205995701,0,0,0,0,1,1
1285696948,1,0,0,0,0,1
1356436786,0,0,0,0,0,0
1376582072,0,0,0,0,1,1
1013920362,0,0,0,0,0,0
1831352269,0,0,0,0,0,0
1942576921,0,0,0,0,0,0
1073500443,0,0,0,0,1,1
1639182066,0,1,1,0,0,2
1821197526,0,0,0,0,0,0
1396826160,0,0,0,0,0,0
1285153866,0,0,0,0,0,0
1538184635,1,0,0,0,1,2
1477936862,0,0,0,0,1,1
1649610965,0,0,0,0,0,0
1518214923,1,0,0,0,0,1
1205190659,0,0,0,0,0,0
1881897601,0,0,0,0,0,0
1265670046,0,0,0,0,0,0
1740423243,0,0,0,0,0,0
1780663898,0,0,0,0,0,0
1184144792,0,0,0,0,1,1
1659475028,0,0,0,0,1,1
1215544945,0,0,0,0,1,1
1497768808,0,0,0,0,0,0
1588140453,0,0,0,0,1,1
1659438034,0,1,0,0,0,1
1851331318,1,0,0,0,0,1
1083686372,0,0,0,0,0,0
1447440029,0,0,0,0,0,0
1437425857,0,0,0,0,0,0
1164838611,0,0,0,0,0,0
1316117443,1,0,0,0,0,1
1962422469,0,0,0,0,0,0
1225399736,0,0,0,0,1,1
1437539723,0,0,0,0,1,1
1548442031,0,0,0,0,0,0
1992744015,0,0,0,0,1,1
1831176452,1,0,0,0,1,2
1154801280,0,0,0,0,0,0
1053725820,1,0,0,0,0,1
1447282421,0,0,0,0,1,1
1811164528,1,0,0,0,0,1
1720070527,0,0,0,0,0,0
1730287020,0,0,0,0,0,0
1629082847,0,0,0,0,0,0
1912998204,0,0,0,0,0,0
1871755082,1,0,0,0,0,1
1225069545,1,0,0,0,0,1
1386671386,1,0,0,0,0,1
1003878000,0,0,0,0,0,0
1033370051,0,0,0,0,1,1
1386778199,1,0,0,0,1,2
1740281310,0,0,0,0,0,0
1619944485,0,0,0,0,0,0
1114049319,0,0,0,0,0,0
1356369623,1,0,0,0,0,1
1003997255,0,1,1,0,0,2
1447211024,0,1,0,0,0,1
1740418995,1,0,0,0,0,1
1477517142,0,0,0,0,0,0
1639399280,0,0,0,0,0,0
1265638167,0,0,0,0,1,1
1689645368,0,0,0,0,1,1
1740257773,0,0,0,0,1,1
1427079250,1,0,0,0,0,1
1396375523,1,0,0,0,1,2
1144496993,0,0,0,0,0,0
1811175391,0,0,0,0,1,1
1003838020,0,0,0,0,0,0
1891873329,0,0,0,0,0,0
1508275181,0,0,0,0,0,0
1114950391,0,0,0,0,0,0
1093777880,0,0,0,0,0,0
1982662029,0,0,0,0,1,1
1467848424,0,0,0,0,1,1
1417952847,0,0,0,0,0,0
1609806041,0,0,0,0,0,0
1831122704,0,0,0,0,0,0
1558347641,0,0,0,0,0,0
1922024769,0,0,0,0,0,0
1508048158,0,0,0,0,0,0
1245352699,1,1,0,0,0,2
1780661033,1,0,0,0,0,1
1255592515,0,0,0,0,0,0
1558742197,0,0,0,0,1,1
1770509168,0,0,0,0,1,1
1649497843,0,0,0,0,0,0
1891734638,0,0,0,0,0,0
1962476903,0,0,0,0,0,0
1932152329,0,0,0,0,0,0
1942649785,1,0,0,0,0,1
1730122060,1,0,0,0,0,1
1487639183,0,0,0,0,1,1
1912978800,1,0,0,0,0,1
1326059320,0,0,0,0,0,0
1396056032,0,0,0,0,0,0
1336127323,1,0,0,0,0,1
1851461248,0,0,0,0,0,0
1184705741,0,0,0,0,0,0
1598926966,0,0,0,0,0,0
1538354402,0,0,0,0,0,0
1508020827,1,0,0,0,1,2
1811981996,1,0,0,0,0,1
1144261298,0,1,0,0,0,1
1477663318,0,0,0,0,1,1
1033565338,0,0,0,0,0,0
1730505546,0,0,0,0,0,0
1104847672,1,0,0,0,0,1
1265545891,0,0,0,0,0,0
1093711269,0,0,0,0,0,0
1306942289,0,0,0,0,0,0
1942535828,0,0,0,0,1,1
1487867172,1,0,0,0,0,1
1568410181,1,0,0,0,0,1
1740279553,1,0,0,0,0,1
1811989197,0,0,0,0,0,0
1619901006,0,0,0,0,0,0
1528018256,1,0,0,0,0,1
1831159714,0,0,0,0,0,0
1437280971,0,0,0,0,0,0
1639531403,0,0,0,0,0,0
1811956683,0,0,0,0,0,0
1235565920,0,0,0,0,1,1
1225106693,0,0,0,0,0,0
1487716544,0,0,0,0,0,0
1093974776,0,0,0,0,0,0
1902896764,0,0,0,0,0,0
1275548331,0,0,0,0,0,0
1184738544,0,0,0,0,0,0
1366544033,1,0,0,0,0,1
1275599458,0,0,0,0,0,0
1184865982,0,0,0,0,0,0
1588862817,0,0,0,0,0,0
1861526451,0,0,0,0,0,0
1184939381,1,0,0,0,0,1
1053312447,1,0,0,0,1,2
1053347401,0,0,0,0,0,0
1144336967,0,0,0,0,0,0
1780617514,1,0,0,0,0,1
1043609647,0,0,0,0,0,0
1770523821,1,0,0,0,0,1
1164665477,0,0,0,0,0,0
1215938360,0,1,1,0,0,2
1568079366,0,0,0,0,1,1
1790712750,0,0,0,0,0,0
1811943392,1,0,0,0,0,1
1932205879,0,0,0,0,0,0
1043224686,0,0,0,0,0,0
1952373631,1,0,0,0,0,1
1356414130,0,0,0,0,0,0
1164539094,1,0,0,0,0,1
1528098407,1,0,0,0,0,1
1912947326,0,0,0,0,0,0
1902113368,1,0,0,0,0,1
1447487129,0,0,0,0,0,0
1285604934,1,0,0,0,0,1
1235210097,0,1,0,0,0,1
1366477333,0,1,0,0,0,1
1740896539,0,0,0,0,1,1
1356617849,0,0,0,0,0,0
1811139371,0,0,0,0,0,0
1952507923,0,0,0,0,0,0
1144269093,1,0,0,0,0,1
1841425253,0,0,0,0,0,0
1568484061,0,0,0,0,0,0
1992860829,1,0,0,0,0,1
1477648087,1,0,0,0,0,1
1215433354,0,0,0,0,0,0
1275868713,0,0,0,0,1,1
1124102504,0,1,1,0,0,2
1003093147,0,0,0,0,0,0
1932294469,1,0,0,0,0,1
1760723092,0,0,0,0,0,0
1225246861,0,0,0,0,0,0
1588680318,0,0,0,0,0,0
1447344759,0,0,0,0,0,0
1619186194,0,0,0,0,0,0
1508186941,0,0,0,0,0,0
1962504902,0,1,1,0,0,2
1033341821,0,0,0,0,0,0
1891795431,0,0,0,0,0,0
1235150103,0,0,0,0,1,1
1134124662,0,0,0,0,0,0
1790065209,0,1,1,0,0,2
1841285087,0,0,0,0,0,0
1447228713,0,0,0,0,0,0
1053383869,0,0,0,0,0,0
1700944279,0,0,0,0,0,0
1851392575,0,0,0,0,0,0
1700823143,0,0,0,0,0,0
1083658801,0,1,1,0,0,2
1316021165,1,0,0,0,0,1
1467491563,0,0,0,0,0,0
1659488120,0,0,0,0,0,0
1851322085,0,0,0,0,0,0
1174696884,1,0,0,0,0,1
1992703045,1,0,0,0,0,1
1003380437,0,0,0,0,0,0
1992040257,0,0,0,0,1,1
1063476463,1,0,0,0,0,1
1134104706,0,0,0,0,0,0
1043582703,1,0,0,0,0,1
1962581942,0,1,1,0,0,2
1629071550,1,0,0,0,0,1
1043223431,0,0,0,0,0,0
1306203633,0,0,0,0,0,0
1043283484,1,0,0,0,0,1
1447269824,0,1,0,0,0,1
1033547252,0,0,0,0,0,0
1427082171,0,0,0,0,0,0
1013973213,0,0,0,0,0,0
1871788422,1,0,0,0,0,1
1164484440,1,1,1,0,0,3
1306838172,0,1,1,0,0,2
1679676266,0,0,0,0,0,0
1841447745,0,0,0,0,0,0
1750357836,0,0,0,0,0,0
1487817466,1,0,0,0,0,1
1336164235,0,0,0,0,0,0
1952469819,1,0,0,0,0,1
1851305320,0,0,0,0,0,0
1306861729,0,0,0,0,0,0
1851333975,0,0,0,0,0,0
1902860083,0,0,0,0,0,0
1225190382,0,0,0,0,0,0
1083708861,0,0,0,0,0,0
1316931413,0,0,0,0,0,0
1477643443,0,0,0,0,0,0
1629275631,0,0,0,0,0,0
1679770366,0,0,0,0,0,0
1013967140,0,0,0,0,0,0
1255398293,0,0,0,0,0,0
1215972419,1,0,0,0,0,1
1063679827,1,0,0,0,0,1
1326035387,0,0,0,0,0,0
1922071703,0,0,0,0,0,0
1902063720,0,0,0,0,0,0
1003815234,1,0,0,0,0,1
1992702112,0,0,0,0,0,0
1134121049,1,0,0,0,0,1
1033178819,0,0,0,0,0,0
1376549204,0,0,0,0,1,1
1255335279,0,0,0,0,0,0
1184614596,0,0,0,0,0,0
1780639450,0,0,0,0,0,0
1417245499,0,0,0,0,0,0
1457339640,1,0,0,0,0,1
1063402741,0,0,0,0,0,0
1851896971,0,0,0,0,0,0
1619932076,0,0,0,0,0,0
1548330566,0,0,0,0,0,0
1952458739,0,0,0,0,0,0
1508853938,1,0,0,0,0,1
1801908017,0,0,0,0,1,1
1487655494,0,0,0,0,0,0
1427123900,0,0,0,0,0,0
1164412276,0,0,0,0,0,0
1548248388,0,0,0,0,0,0
1831135110,0,0,0,0,0,0
1942278221,0,0,0,0,0,0
1699762641,0,0,0,0,0,0
1669458998,0,0,0,0,0,0
1659649234,1,0,0,0,0,1
1760458319,0,0,0,0,0,0
1700838760,0,0,0,0,0,0
1003808163,1,0,0,0,0,1
1699747709,0,0,0,0,0,0
1659467769,0,0,0,0,0,0
1437341187,0,0,0,0,0,0
1164408365,0,0,0,0,0,0
1083937189,0,0,0,0,0,0
1669451571,0,0,0,0,0,0
1184798001,0,0,0,0,0,0
1295899979,0,0,0,0,0,0
1548372634,0,0,0,0,0,0
1578578977,0,0,0,0,0,0
1396768958,0,0,0,0,0,0
1346243235,0,0,0,0,0,0
1316388234,0,0,0,0,0,0
1083793277,0,0,0,0,0,0
1346211083,0,0,0,0,0,0
1568440246,0,0,0,0,0,0
1104057751,0,0,0,0,0,0
1689609877,1,0,0,0,0,1
1154524668,0,0,0,0,0,0
1417926783,0,0,0,0,0,0
1457383549,0,0,0,0,0,0
1548288715,0,0,0,0,0,0
1134212616,0,0,1,0,1,2
1528598364,0,0,0,0,0,0
1033381124,1,0,0,0,0,1
1528092285,0,0,0,0,0,0
1073653473,0,1,0,0,0,1
1669727210,1,0,0,0,0,1
1780655068,0,0,0,0,0,0
1710341268,0,0,0,0,0,0
1467675751,1,0,0,0,0,1
1760658959,0,0,0,0,0,0
1043425036,0,0,0,0,0,0
1124004353,1,0,0,0,0,1
1497978456,1,0,0,0,0,1
1346203866,0,0,0,0,0,0
1508834938,0,0,0,0,0,0
1073513156,0,0,0,0,0,0
1821168733,1,0,0,0,0,1
1528068301,0,0,0,0,0,0
1003989757,0,0,0,0,0,0
1558367417,0,0,0,0,0,0
1689751901,0,0,0,0,0,0
1649236084,0,0,0,0,0,0
1427088814,1,0,0,0,0,1
1033436191,1,0,0,0,0,1
1861431314,0,0,0,0,0,0
1194741959,0,0,0,0,0,0
1043398076,0,0,0,0,0,0
1609852326,0,0,0,0,0,0
1073621231,0,0,0,0,0,0
1518950146,0,1,0,0,0,1
1902210875,1,0,0,0,0,1
1518954882,0,0,0,0,0,0
1629240395,0,0,0,0,0,0
1407371941,0,0,0,0,0,0
1225355241,1,0,0,0,0,1
1649345216,0,0,0,0,0,0
1962464602,0,0,0,0,0,0
1275712580,0,0,0,0,0,0
1235662149,0,0,0,0,0,0
1144283722,0,0,0,0,0,0
1013904614,0,0,0,0,0,0
1134166218,0,0,0,0,0,0
1205981867,1,0,0,0,0,1
1760432025,0,0,0,0,0,0
1316172844,0,0,0,0,0,0
1902095854,0,0,0,0,0,0
1609067792,0,0,0,0,0,0
1154396018,0,0,0,0,0,0
1003985912,0,0,1,0,0,1
1790786432,0,0,0,0,0,0
1518939123,0,0,0,0,0,0
1700989233,0,0,0,0,0,0
1881896975,1,0,0,0,0,1
1902216419,0,0,0,0,0,0
1154494003,0,1,0,0,0,1
1851372395,1,0,0,0,0,1
1932712874,0,1,0,0,0,1
1467408047,0,0,0,0,0,0
1295895480,1,0,0,0,0,1
1326363870,0,0,0,0,0,0
1083693196,0,0,0,0,0,0
1831128214,0,0,0,0,0,0
1811068836,1,0,0,0,0,1
1588760235,0,0,0,0,0,0
1396717450,0,0,0,0,0,0
1639179690,0,0,0,0,0,0
1396958237,0,0,0,0,0,0
1992110555,1,0,0,0,0,1
1598841942,0,0,0,0,0,0
1275854465,0,0,0,0,0,0
1124333141,1,0,0,0,0,1
1275634214,0,0,0,0,0,0
1386634749,0,0,0,0,0,0
1578691523,0,0,0,0,0,0
1326086604,0,0,0,0,0,0
1235134677,0,0,0,0,0,0
1588124473,0,0,0,0,1,1
1003816117,1,0,0,0,0,1
1144424516,1,0,0,0,0,1
1215026422,1,1,1,0,0,3
1790759561,0,0,0,0,0,0
1932171139,0,0,0,0,0,0
1609051853,0,0,0,0,0,0
1346343969,1,1,0,0,0,2
1205832169,0,0,0,0,0,0
1619979101,0,1,1,0,0,2
1417120221,0,0,0,0,0,0
1821090408,0,0,0,0,0,0
1427085133,0,0,0,0,0,0
1689645657,1,0,0,0,0,1
1932219177,0,0,0,0,0,0
1952303521,1,0,0,0,0,1
1609948884,1,0,0,0,0,1
1760479059,1,0,0,0,0,1
1235226275,0,0,0,0,0,0
1083290423,0,0,0,0,0,0
1689868960,1,0,0,0,0,1
1073700381,0,0,0,0,0,0
1720057540,1,0,0,0,0,1
1134216641,0,0,0,0,0,0
1376541359,0,0,0,0,0,0
1801922521,0,0,0,0,0,0
1306942578,1,0,0,0,0,1
1235139387,0,0,0,0,0,0
1548498512,0,0,0,0,0,0
1073594834,1,0,0,0,0,1
1750462594,0,0,0,0,0,0
1871525451,0,0,0,0,0,0
1679511638,0,0,0,0,0,0
1972607364,0,0,0,0,0,0
1871129726,0,0,0,0,0,0
1972528545,0,0,0,0,0,0
1861817934,0,0,0,0,0,0
1912961939,0,0,0,0,1,1
1568572709,1,0,0,0,0,1
1720067234,0,0,0,0,0,0
1811939085,0,0,0,0,0,0
1407841315,0,0,0,0,0,0
1770633513,0,0,0,0,0,0
1881775518,0,0,0,0,0,0
1457420960,0,1,1,0,0,2
1639702616,0,0,0,0,0,0
1083619639,0,0,0,0,0,0
1689733602,1,0,0,0,0,1
1558691451,0,0,0,0,0,0
1194957639,0,0,0,0,0,0
1558593095,0,0,0,0,0,0
1730127770,1,0,0,0,0,1
1104370451,0,0,0,0,0,0
1245311000,0,0,0,0,0,0
1508035940,0,0,0,0,0,0
1194732925,0,0,0,0,0,0
1689693517,0,0,0,0,0,0
1295703874,0,0,0,0,0,0
1275888216,0,0,0,0,0,0
1649253485,1,0,0,0,0,1
1760488373,0,0,0,0,0,0
1306158993,1,0,0,0,0,1
1730566647,0,0,0,0,1,1
1255399945,1,0,0,0,0,1
1659572022,0,0,0,0,0,0
1407882731,0,0,0,0,0,0
1093058463,0,0,0,0,1,1
1689671232,0,0,0,0,0,0
1083616312,1,0,0,0,0,1
1558847707,0,0,0,0,0,0
1326062597,0,1,1,0,1,3
1306987474,0,0,0,0,0,0
1831292069,0,1,0,0,0,1
1467621110,1,0,0,0,0,1
1720118458,0,0,0,0,0,0
1194799106,1,0,0,0,0,1
1912921651,1,0,0,0,0,1
1508145327,1,0,0,0,0,1
1407851942,0,0,0,0,0,0
1730122029,0,0,0,0,0,0
1427036888,0,0,0,0,0,0
1417900200,0,0,0,0,0,0
1093816175,0,0,0,0,0,0
1134116106,0,0,0,0,0,0
1255323655,1,0,0,0,0,1
1689716219,0,0,0,0,0,0
1962662981,1,0,0,0,0,1
1962447805,0,0,0,0,0,0
1902125776,0,0,0,0,0,0
1871717033,1,0,0,0,0,1
1508916586,1,0,0,0,0,1
1326006347,0,0,0,0,0,0
1093949422,1,0,0,0,0,1
1063478402,0,0,0,0,0,0
1134225162,1,0,0,0,0,1
1518165265,0,0,0,0,0,0
1609827724,0,0,0,0,0,0
1609050970,0,0,0,0,0,0
1780001891,0,0,0,0,0,0
1548423031,1,0,0,0,0,1
1417063439,0,0,0,0,1,1
1225059306,0,0,0,0,0,0
1114252160,1,0,0,0,0,1
1124407465,0,1,0,0,0,1
1760485387,0,0,0,0,0,0
1972796613,1,0,0,0,0,1
1477692929,0,0,0,0,0,0
1881663615,0,0,0,0,0,0
1215341656,1,0,0,0,0,1
1730179748,0,0,0,0,0,0
1114903507,0,0,0,0,0,0
1881367837,0,0,0,0,1,1
1043255631,1,0,0,0,0,1
1427445477,0,0,0,0,0,0
1043349772,0,0,0,0,0,0
1265787642,0,0,0,0,0,0
1255496709,1,0,0,0,0,1
1801070867,0,0,0,0,0,0
1013917426,1,0,0,0,0,1
1225015852,0,0,0,0,0,0
1841857778,0,0,0,0,0,0
1700808003,1,1,0,0,0,2
1568449825,0,0,0,0,0,0
1114988516,1,0,0,0,0,1
1275735367,0,0,0,0,0,0
1427050632,0,0,0,0,0,0
1003922048,0,0,0,0,0,0
1982022364,1,0,0,0,0,1
1033195755,0,1,0,0,0,1
1902904998,0,1,0,0,0,1
1992237648,1,0,0,0,0,1
1144200692,0,0,0,0,0,0
1487627261,0,0,0,0,0,0
1578515706,0,0,0,0,0,0
1023012002,0,0,0,0,0,0
1124524038,0,0,0,0,0,0
1245660273,0,0,0,0,0,0
1922345008,0,0,0,0,0,0
1427170778,0,1,0,0,0,1
1588946396,0,0,0,0,0,0
1588041313,0,0,0,0,0,0
1609444330,0,0,0,0,0,0
1710962915,1,0,0,0,0,1
1457360950,0,0,0,0,0,0
1255390654,0,1,1,0,0,2
1003806902,1,0,0,0,0,1
1316039753,0,0,0,0,0,0
1366510893,1,0,0,0,0,1
1598008146,1,0,0,0,0,1
1083786362,0,0,0,0,0,0
1386874808,0,0,0,0,0,0
1801894365,1,0,0,0,0,1
1932179314,0,0,0,0,0,0
1679551352,0,0,0,0,0,0
1295154839,0,0,0,0,0,0
1356453013,0,0,0,0,0,0
1447578372,0,0,0,0,0,0
1295023489,0,0,0,0,0,0
1740222843,1,0,0,0,0,1
1982609004,0,0,0,0,0,0
1497985527,0,1,1,0,0,2
1730109554,0,0,0,0,0,0
1255336012,0,0,0,0,0,0
1235589748,1,0,0,0,0,1
1649455601,0,0,0,0,1,1
1558712901,1,0,0,0,0,1
1629039938,1,0,0,0,0,1
1558705194,0,0,0,0,0,0
1952399313,0,0,0,0,0,0
1528020690,0,0,0,0,0,0
1154534709,0,0,0,0,0,0
1669530879,0,0,0,0,0,0
1265665798,0,0,0,0,0,0
1629476072,0,0,0,0,0,0
1447599014,0,1,0,0,0,1
1962616888,0,0,0,0,0,0
1679733646,0,0,0,0,0,0
1457332652,0,0,0,0,0,0
1093801060,0,0,0,0,0,0
1821093865,1,0,0,0,0,1
1306293022,0,0,0,0,0,0
1437316387,0,0,0,0,0,0
1114989837,0,0,0,0,0,0
1235128711,1,0,0,0,0,1
1033153002,1,0,1,0,0,2
1992714554,0,0,0,0,0,0
1790733293,1,0,0,0,0,1
1568988590,1,0,0,0,0,1
1043267479,1,0,0,0,0,1
1225245178,0,0,0,0,0,0
1548261480,0,0,0,0,0,0
1407811128,0,0,0,0,0,0
1669648986,0,0,0,0,0,0
1518956143,0,0,0,0,0,0
1467454603,1,0,0,0,0,1
1356562839,1,0,0,0,0,1
1982871695,0,0,0,0,0,0
1275890402,0,0,0,0,0,0
1922282029,0,1,0,0,1,2
1235171299,0,0,0,0,0,0
1174522270,0,0,0,0,0,0
1588715882,0,0,0,0,0,0
1104817618,0,0,0,0,0,0
1912427139,0,0,0,0,0,0
1134164395,0,0,0,0,0,0
1326129479,0,1,0,0,0,1
1992708895,1,0,0,0,0,1
1619992047,0,0,0,0,0,0
1659369684,0,0,0,0,0,0
1639353410,0,0,0,0,0,0
1730185802,0,0,0,0,0,0
1245296102,0,1,1,0,0,2
1770547523,0,0,0,0,0,0
1609963271,0,0,0,0,0,0
1639130800,1,0,0,0,0,1
1457437931,1,0,0,0,0,1
1467638502,0,0,0,0,0,0
1184091407,0,0,0,0,0,0
1679574891,1,0,0,0,0,1
1811970817,0,0,0,0,0,0
1720167356,0,0,0,0,0,0
1497197651,0,0,0,0,0,0
1679068795,0,0,0,0,0,0
1659374353,0,0,0,0,0,0
1841288099,1,0,0,0,0,1
1144294109,0,0,0,0,0,0
1881660454,1,0,0,0,0,1
1609837475,0,0,0,0,0,0
1568937076,1,0,0,0,0,1
1598705618,0,0,0,0,0,0
1982359006,0,0,0,0,0,0
1154429215,0,0,0,0,0,0
1730157298,1,0,0,0,0,1
1801897616,0,0,0,0,0,0
1093899643,0,0,0,0,0,0
1194833079,0,0,0,0,0,0
1023009479,1,0,0,0,0,1
1013151117,0,0,0,0,0,0
1700896503,0,0,0,0,0,0
1295722437,0,1,0,0,0,1
1497964886,0,0,0,0,0,0
1053311936,0,0,0,0,0,0
1811962723,1,0,0,0,0,1
1548299712,0,0,0,0,0,0
1457393225,0,0,0,0,0,0
1548298649,0,0,0,0,0,0
1184663734,0,0,0,0,0,0
1346351616,0,0,0,0,0,0
1346223591,0,0,0,0,0,0
1366528549,0,1,0,0,0,1
1790715894,0,0,0,0,0,0
1578884623,0,0,0,0,0,0
1437247293,0,1,1,0,0,2
1841256070,1,0,0,0,0,1
1790773042,0,0,0,0,0,0
1033303680,0,0,0,0,0,0
1558447250,0,0,0,0,0,0
1619917028,0,0,0,0,0,0
1346294279,0,0,0,0,0,0
1831352590,0,0,0,0,0,0
1497779391,0,0,0,0,0,0
1245528975,0,0,0,0,0,0
1407887805,0,1,1,0,0,2
1184175739,0,0,0,0,0,0
1578602579,0,0,0,0,0,0
1437148624,0,0,0,0,0,0
1972574010,0,0,0,0,0,0
1356382493,0,0,0,0,0,0
1477991180,1,0,0,0,0,1
1245440668,0,0,0,0,0,0
1780745539,1,0,0,0,0,1
1225095946,0,0,0,0,0,0
1871543389,0,0,0,0,0,0
1588391775,1,1,1,0,0,3
1154353126,1,0,0,0,0,1
1285835769,1,0,0,0,0,1
1952345225,0,0,0,0,0,0
1073501565,0,0,0,0,0,0
1134358716,0,0,0,0,0,0
1205939832,0,0,0,0,0,0
1063681518,0,0,0,0,0,0
1457990731,0,0,0,0,0,0
1457581290,1,0,0,0,0,1
1720067077,0,0,0,0,0,0
1750344214,1,0,0,0,0,1
1649220740,0,0,0,0,0,0
1790715621,1,0,0,0,0,1
1588659296,1,0,0,0,0,1
1295794204,0,0,0,0,0,0
1679831028,0,0,0,0,0,0
1619179363,1,0,0,0,0,1
1922402056,0,0,0,0,0,0
1982806915,0,0,0,0,0,0
1053383810,0,0,0,0,0,0
1326136243,1,0,0,0,0,1
1679573646,1,0,0,0,0,1
1184672164,0,0,0,0,0,0
1306025739,0,0,0,0,0,0
1366419590,0,0,0,0,0,0
1932125994,0,0,0,0,0,0
1982773610,0,0,0,0,0,0
1558357731,0,0,0,0,0,0
1316442247,0,0,0,0,0,0
1558354100,0,0,0,0,0,0
1730196833,1,0,0,0,0,1
1437537289,0,0,0,0,0,0
1477145779,0,0,0,0,0,0
1932282936,0,0,0,0,0,0
1568419091,0,1,1,0,0,2
1588878508,1,0,0,0,0,1
1871586263,0,0,1,0,0,1
1780131235,0,0,0,0,0,0
1235179573,0,0,0,0,0,0
1427362383,1,0,0,0,0,1
1790880003,1,0,0,0,0,1
1427004977,0,0,0,0,0,0
1023108461,0,0,0,0,0,0
1861785099,0,0,0,0,0,0
1750359204,1,0,0,0,0,1
1891188660,1,0,0,0,0,1
1740280171,0,0,0,0,0,0
1902866601,0,0,0,0,0,0
1982647129,0,0,0,0,0,0
1346337490,0,0,0,0,0,0
1760667810,1,0,0,0,0,1
1083702799,1,0,0,0,0,1
1295778546,1,0,0,0,0,1
1215191184,0,0,0,0,0,0
1497203004,0,0,0,0,0,0
1558315085,0,0,0,0,0,0
1205817038,1,0,0,0,0,1
1851376610,1,0,0,0,0,1
1144224163,0,0,0,0,0,0
1619336005,0,0,0,0,0,0
1003376104,0,0,0,0,0,0
1427493865,0,0,0,0,0,0
1740260140,0,0,0,0,0,0
1891081428,0,0,0,0,0,0
1003409756,0,0,0,0,0,0
1679732507,0,0,0,0,0,0
1235293085,0,0,0,0,0,0
1295177889,0,0,0,0,0,0
1891752804,0,0,0,0,0,0
1508859752,1,0,0,0,0,1
1700877461,1,0,0,0,0,1
1295879120,0,1,1,0,0,2
1295959211,0,0,0,0,0,0
1851488514,0,0,0,0,0,0
1710131537,0,0,0,0,0,0
1427041847,0,0,0,0,0,0
1538506787,0,0,0,0,0,0
1437157443,0,0,0,0,0,0
1538161062,1,0,0,0,0,1
1063675288,0,0,0,0,0,0
1639258205,1,0,0,0,0,1
1629072699,0,0,0,0,0,0
1740236710,0,0,0,0,0,0
1568655652,0,0,0,0,0,0
1013909217,1,0,0,0,0,1
1538154935,0,0,0,0,0,0
1386645562,1,0,0,0,0,1
1518910546,0,0,0,0,0,0
1336102169,1,0,0,0,0,1
1548339989,1,0,0,0,0,1
1821431610,0,0,0,0,0,0
1841288891,0,0,0,0,0,0
1750479820,0,0,0,0,0,0
1578123915,1,0,0,0,0,1
1720278500,0,0,0,0,0,0
1841301744,0,0,0,0,0,0
1700835451,0,0,0,0,0,0
1790028025,0,0,0,0,0,0
1992783609,0,1,0,0,0,1
1619928371,0,0,0,0,0,0
1104928167,0,0,0,0,0,0
1518321082,0,0,0,0,0,0
1689637464,0,0,0,0,0,0
1780082693,0,0,0,0,0,0
1235442443,0,0,0,0,0,0
1780654632,0,0,0,0,0,0
1871603381,0,0,0,0,0,0
1205869633,0,0,0,0,0,0
1801006457,1,0,1,0,0,2
1619919552,0,0,0,0,0,0
1104919240,0,0,0,0,0,0
1760577019,0,0,0,0,0,0
1568091114,0,0,0,0,0,0
1326097106,1,0,0,0,0,1
1942400346,1,0,0,0,0,1
1770593279,1,0,0,0,0,1
1902117344,0,0,0,0,0,0
1316027030,0,0,0,0,0,0
1386733574,0,0,0,0,0,0
1184860496,0,1,1,0,0,2
1295751907,0,1,1,0,0,2
1083783609,0,0,0,0,0,0
1164446167,0,0,0,0,0,0
1225353477,0,0,0,0,0,0
1073711982,1,0,0,0,0,1
1275560351,0,0,0,0,0,0
1851391411,0,0,0,0,0,0
1780777912,0,0,0,0,0,0
1043787526,0,0,0,0,0,0
1568418101,0,0,0,0,0,0
1134338221,0,0,0,0,0,0
1669822284,1,0,0,0,0,1
1053371484,0,0,0,0,0,0
1689833485,0,0,0,0,0,0
1891726063,0,0,0,0,0,0
1003551425,0,0,0,0,0,0
1982652038,0,0,0,0,0,0
1568499697,1,0,0,0,0,1
1043521198,1,0,0,0,0,1
1902093305,0,0,0,0,0,0
1255588216,0,0,1,0,0,1
1881614584,0,0,0,0,0,0
1801953518,0,0,0,0,0,0
1285672303,0,0,0,0,0,0
1689718215,0,0,0,0,0,0
1710969720,0,0,0,0,0,0
1104244631,0,0,0,0,0,0
1962489930,0,0,0,0,0,0
1043861560,0,0,0,0,1,1
1528145620,0,0,0,0,0,0
1225340144,0,0,0,0,0,0
1730234832,1,0,0,0,0,1
1992931661,1,0,0,0,0,1
1487652285,0,0,0,0,0,0
1861585077,0,0,0,0,0,0
1164684700,0,0,0,0,0,0
1013162452,0,0,0,0,0,0
1114956554,0,0,0,0,0,0
1588929897,0,0,0,0,0,0
1124058169,0,0,0,0,0,0
1356303143,0,0,0,0,0,0
1487748661,0,0,0,0,0,0
1043258429,0,0,0,0,0,0
1578533105,1,0,0,0,0,1
1326553272,0,0,0,0,0,0
1861430449,0,0,0,0,0,0
1407088123,0,0,0,0,0,0
1629191051,0,0,0,0,0,0
1235355942,0,0,0,0,0,0
1386713808,1,0,0,0,0,1
1932173002,0,0,0,0,0,0
1609802057,0,0,0,0,0,0
1487787131,0,0,0,0,0,0
1154391076,0,0,0,0,0,0
1912956707,0,0,0,0,0,0
1598961708,0,0,0,0,0,0
1417993932,0,0,0,0,0,0
1568625804,0,0,0,0,0,0
1144485129,1,0,0,0,0,1
1114345626,0,0,0,0,0,0
1669433223,0,0,0,0,0,0
1275602096,0,0,0,0,0,0
1568542363,0,0,0,0,0,0
1275617920,0,0,0,0,0,0
1124015300,0,1,1,0,0,2
1407948847,0,0,0,0,0,0
1992115398,0,0,0,0,0,0
1447296298,0,0,0,0,0,0
1407108715,0,0,0,0,0,0
1992778906,0,0,0,0,0,0
1841308996,0,0,0,0,0,0
1811286669,0,0,0,0,0,0
1104886589,0,0,0,0,0,0
1396753133,0,0,0,0,0,0
1053715730,0,0,0,0,0,0
1700168234,0,0,0,0,0,0
1568491983,0,0,0,0,0,0
1679709893,0,0,0,0,0,0
1487601175,0,0,0,0,0,0
1881861102,0,0,0,0,0,0
1659398089,0,0,0,0,0,0
1861553174,0,0,0,0,0,0
1487640850,0,0,0,0,0,0
1003201849,0,0,0,0,0,0
1447394853,0,1,1,0,0,2
1922092543,0,0,0,0,0,0
1265758502,0,0,0,0,0,0
1689614570,0,0,0,0,0,0
1851457717,0,0,0,0,0,0
1154383008,0,0,0,0,0,0
1659305522,0,0,0,0,0,0
1275528234,0,0,0,0,0,0
1447363247,0,0,0,0,0,0
1518210319,0,0,0,0,0,0
1013987510,0,0,0,0,0,0
1184804411,0,0,0,0,0,0
1336223080,0,0,0,0,0,0
1679575328,1,0,0,0,0,1
1861770604,0,0,0,0,0,0
1770928947,0,0,0,0,0,0
1932406832,0,0,0,0,0,0
1104815463,0,0,0,0,0,0
1164519591,0,1,0,0,0,1
1528039443,1,0,0,0,0,1
1649335811,0,0,0,0,0,0
1003877325,0,0,0,0,0,0
1023260973,0,0,0,0,0,0
1346563376,0,0,1,0,0,1
1386684207,0,0,0,0,0,0
1669464681,0,0,0,0,0,0
1326074998,0,0,0,0,0,0
1477558468,0,0,0,0,0,0
1265699433,0,0,0,0,0,0
1033559695,0,0,0,0,0,0
1467533083,0,1,1,0,0,2
1548932783,0,0,0,0,0,0
1174581748,0,0,0,0,0,0
1922593722,0,0,0,0,0,0
1447328828,0,0,0,0,0,0
1407239601,0,0,0,0,0,0
1023309762,0,0,0,0,0,0
1669531604,0,0,0,0,0,0
1477717833,0,0,1,0,1,2
1275580185,0,0,0,0,0,0
1801375845,0,0,0,0,1,1
1295173185,0,0,0,0,0,0
1356047542,0,0,0,0,0,0
1225147135,0,0,0,0,0,0
1669978532,0,0,0,0,0,0
1750382362,0,0,0,0,0,0
1447244124,0,0,0,0,0,0
1134224942,0,0,0,0,0,0
1124028832,0,0,0,0,0,0
1861592461,0,0,0,0,0,0
1710299474,0,0,0,0,0,0
1295870129,0,0,0,0,0,0
1114959301,0,0,0,0,0,0
1659041010,0,0,0,0,0,0
1396786729,0,0,0,0,0,0
1568787778,0,0,0,0,0,0
1871549204,0,0,0,0,0,0
1992717763,0,0,0,0,0,0
1770575854,0,0,0,0,0,0
1225093768,0,1,1,0,0,2
1144291907,0,0,0,0,0,0
1720702830,0,1,0,0,1,2
1275733537,0,0,1,0,1,2
1679903348,0,0,1,0,0,1
1124543632,0,0,0,0,1,1
1487093308,0,0,1,0,0,1
1821408188,0,0,0,0,0,0
1750366811,0,1,0,0,0,1
1811993454,0,0,0,0,1,1
1164450573,0,0,0,0,1,1
1770990210,0,0,0,0,0,0
1154432094,0,1,0,0,1,2
1144992314,0,1,0,0,1,2
1508835463,0,1,0,0,0,1
1992834683,0,0,1,0,1,2
1538426242,0,0,1,0,0,1
1528291283,0,0,0,0,1,1
1912959073,0,1,0,0,1,2
1124069992,0,0,0,0,1,1
1780833285,0,0,1,0,0,1
1780799387,0,1,0,0,1,2
1689772261,0,0,1,0,1,2
1326021064,0,1,0,0,0,1
1316985773,0,1,0,0,1,2
1316332711,0,1,0,0,0,1
1437817319,0,1,1,0,1,3
1447309208,0,1,0,0,1,2
1477713030,0,1,0,0,1,2
1588194112,0,1,0,0,0,1
1467785139,0,1,0,0,1,2
1801391610,0,0,0,0,1,1
1477955995,0,1,0,0,1,2
1912467689,0,1,1,0,0,2
1205292703,0,1,0,0,0,1
1639767445,0,1,0,0,1,2
1356560577,0,0,0,0,1,1
1649204926,0,0,0,0,0,0
1780034942,0,1,0,0,0,1
1689735391,0,0,1,0,1,2
1417218488,0,0,1,0,1,2
1326355561,0,1,0,0,1,2
1508008806,0,0,0,0,1,1
1861426405,0,1,0,0,1,2
1851557813,0,0,1,0,1,2
1639113152,0,0,0,0,1,1
1497905269,0,0,0,0,0,0
1760011266,0,1,0,0,0,1
1376741355,0,1,0,0,1,2
1265610463,0,1,0,0,1,2
1265418164,0,0,0,0,1,1
